﻿{"cameraMode":{"drawMode":0,"name":"Shaded","section":"Shading Mode"},"sceneLighting":true,"audioPlay":false,"sceneViewState":{"showFog":true,"showMaterialUpdate":false,"showSkybox":true,"showFlares":true,"showImageEffects":true,"showParticleSystems":true},"in2DMode":false,"pivot":{"x":1.854369878768921,"y":0.4721806049346924,"z":-1.8597595691680909},"rotation":{"x":0.33777016401290896,"y":0.04741111397743225,"z":-0.01703755371272564,"w":0.9398794174194336},"size":3.654186248779297,"orthographic":false}